<?xml version="1.0" encoding="UTF-8"?>
<config xmlns="http://www.knime.org/2008/09/XMLConfig" xmlns:xsi="http://www.w3.org/2001/XMLSchema-instance" xsi:schemaLocation="http://www.knime.org/2008/09/XMLConfig http://www.knime.org/XMLConfig_2008_09.xsd" key="MiningSchema">
<config key="learning">
<entry key="array-size" type="xint" value="13"/>
<entry key="0" type="xstring" value="ID_REGISTRO"/>
<entry key="1" type="xstring" value="TIPO_DOCUMENTO"/>
<entry key="2" type="xstring" value="rango_edad"/>
<entry key="3" type="xstring" value="CANTIDAD_PQRS"/>
<entry key="4" type="xstring" value="PQR_FALLA"/>
<entry key="5" type="xstring" value="PQR_INFORMACION"/>
<entry key="6" type="xstring" value="PQR_TRAMITE"/>
<entry key="7" type="xstring" value="PQR_FACTURA"/>
<entry key="8" type="xstring" value="PQR_CALIDAD_SERVICIO"/>
<entry key="9" type="xstring" value="PQR_OTROS"/>
<entry key="10" type="xstring" value="CLASE_PQR_PETICION"/>
<entry key="11" type="xstring" value="CLASE_PQR_QUEJA"/>
<entry key="12" type="xstring" value="CLASE_PQR_OTROS"/>
</config>
<config key="target">
<entry key="array-size" type="xint" value="1"/>
<entry key="0" type="xstring" value="FLAG_RETIRO"/>
</config>
</config>
